1,1,ansystring@gmail.com
2,2,ansystring@gmail.com
3,3,ansystring@gmail.com
4,4,ansystring@gmail.com
5,5,ansystring@gmail.com
6,6,ansystring@gmail.com
7,7,ansystring@gmail.com
8,8,ansystring@gmail.com
9,9,ansystring@gmail.com
10,10,ansystring@gmail.com
11,11,ansystring@gmail.com
12,12,ansystring@gmail.com
13,13,ansystring@gmail.com
14,14,ansystring@gmail.com
15,15,ansystring@gmail.com
16,16,ansystring@gmail.com
17,17,ansystring@gmail.com
18,18,ansystring@gmail.com
19,19,ansystring@gmail.com
20,20,ansystring@gmail.com
21,21,ansystring@gmail.com
22,22,ansystring@gmail.com
23,23,ansystring@gmail.com
24,24,ansystring@gmail.com
25,25,ansystring@gmail.com
26,26,ansystring@gmail.com
27,27,ansystring@gmail.com
28,28,ansystring@gmail.com
29,29,ansystring@gmail.com
30,30,ansystring@gmail.com
31,31,ansystring@gmail.com
32,32,ansystring@gmail.com
33,33,ansystring@gmail.com
34,34,ansystring@gmail.com
35,35,ansystring@gmail.com
36,36,ansystring@gmail.com
37,37,ansystring@gmail.com
38,38,ansystring@gmail.com
39,39,ansystring@gmail.com
40,40,ansystring@gmail.com
41,41,ansystring@gmail.com
42,42,ansystring@gmail.com
43,43,ansystring@gmail.com
44,44,ansystring@gmail.com
45,45,ansystring@gmail.com
46,46,ansystring@gmail.com
47,47,ansystring@gmail.com
48,48,ansystring@gmail.com
49,49,ansystring@gmail.com
50,50,ansystring@gmail.com
